"EOS Price Ticker","Tue","0.000106708296076","0.000119588615164","-0.8","EOS Price is 0 00187223 0 00001836 BTC 14 291 0 12460 USD Market rank is 5 eos bitcoin blockchain"
"EOS Price Ticker","Fri","0.000106708296076","0.0","-0.8","EOS Price is 0 00185387 0 00000882 BTC 14 1664 0 09820 USD Market rank is 5 eos bitcoin blockchain"
"EOS Price Ticker","Thu","0.000106708296076","0.000119588615164","-0.8","EOS Price is 0 00184505 0 00000504 BTC 14 0682 0 02820 USD Market rank is 5 eos bitcoin blockchain"
"EOS Price Ticker","Tue","0.000106708296076","0.000119588615164","-0.8","EOS Price is 0 00184001 0 00000878 BTC 14 04 0 10350 USD Market rank is 5 eos bitcoin blockchain"
"EOS Price Ticker","Sun","0.000106708296076","0.0","-0.8","EOS Price is 0 00184879 0 00000433 BTC 14 1435 0 04340 USD Market rank is 5 eos bitcoin blockchain"
"EOS Price Ticker","Sat","0.000106708296076","0.0","-0.8","EOS Price is 0 00185312 0 00000860 BTC 14 1869 0 06600 USD Market rank is 5 eos bitcoin blockchain"
"EOS Price Ticker","Fri","0.000106708296076","0.0","-0.8","EOS Price is 0 00186172 0 00000249 BTC 14 2529 0 02190 USD Market rank is 5 eos bitcoin blockchain"
"EOS Price Ticker","Tue","0.000106708296076","0.0","-0.8","EOS Price is 0 00185923 0 00001380 BTC 14 231 0 09800 USD Market rank is 5 eos bitcoin blockchain"
"Cardano Price Ticker","Wed","0.000192667756804","0.0","-0.8","ADA Price is 0 00002696 0 00000001 BTC 0 205923 0 00015 USD Market rank is 8 cardano bitcoin blockchain"
"Cardano Price Ticker","Sat","0.000192667756804","0.0","-0.8","ADA Price is 0 00002697 0 00000008 BTC 0 206075 0 00103 USD Market rank is 8 cardano bitcoin blockchain"
"Cardano Price Ticker","Fri","0.000192667756804","0.0","-0.8","ADA Price is 0 00002689 0 00000002 BTC 0 205048 0 00040 USD Market rank is 8 cardano bitcoin blockchain"
"Cardano Price Ticker","Thu","0.000192667756804","0.0","-0.8","ADA Price is 0 00002691 0 00000009 BTC 0 20545 0 00090 USD Market rank is 8 cardano bitcoin blockchain"
"Cardano Price Ticker","Tue","0.000192667756804","0.0","-0.8","ADA Price is 0 00002700 0 00000002 BTC 0 206348 0 00008 USD Market rank is 8 cardano bitcoin blockchain"
"Cardano Price Ticker","Tue","0.000192667756804","0.0","-0.8","ADA Price is 0 00002698 0 00000002 BTC 0 206428 0 00003 USD Market rank is 8 cardano bitcoin blockchain"
"Cardano Price Ticker","Tue","0.000192667756804","0.0","-0.8","ADA Price is 0 00002696 0 00000003 BTC 0 206399 0 00017 USD Market rank is 8 cardano bitcoin blockchain"
"Cardano Price Ticker","Mon","0.000192667756804","0.0","-0.8","ADA Price is 0 00002699 0 00000001 BTC 0 206567 0 00021 USD Market rank is 8 cardano bitcoin blockchain"
"Substratum Price Ticker","Sat","0.000174883040791","0.0","-0.8","SUB Price is 0 00004889 0 00000019 BTC 0 373206 0 00209 USD Market rank is 94 substratum bitcoin blockchain"
"Substratum Price Ticker","Sat","0.000174883040791","0.0","-0.8","SUB Price is 0 00004908 0 00000002 BTC 0 375291 0 00093 USD Market rank is 94 substratum bitcoin blockchain"
"Substratum Price Ticker","Mon","0.000174883040791","0.0","-0.8","SUB Price is 0 00004910 0 00000030 BTC 0 374356 0 00255 USD Market rank is 94 substratum bitcoin blockchain"
"Substratum Price Ticker","Sat","0.000174883040791","0.0","-0.8","SUB Price is 0 00004940 0 00000022 BTC 0 376906 0 00273 USD Market rank is 94 substratum bitcoin blockchain"
"Substratum Price Ticker","Sat","0.000174883040791","0.0","-0.8","SUB Price is 0 00004962 0 00000018 BTC 0 379638 0 00112 USD Market rank is 94 substratum bitcoin blockchain"
"Substratum Price Ticker","Thu","0.000174883040791","0.0","-0.8","SUB Price is 0 00004944 0 00000006 BTC 0 378521 0 00032 USD Market rank is 94 substratum bitcoin blockchain"
"Substratum Price Ticker","Mon","0.000174883040791","0.0","-0.8","SUB Price is 0 00004938 0 00000005 BTC 0 378202 0 00028 USD Market rank is 94 substratum bitcoin blockchain"
"Substratum Price Ticker","Tue","0.000174883040791","0.0","-0.8","SUB Price is 0 00004943 0 00000007 BTC 0 37848 0 00048 USD Market rank is 94 substratum bitcoin blockchain"
"NEM Price Ticker","Mon","7.90431822785e-05","0.0","-0.8","XEM Price is 0 00003402 0 00000044 BTC 0 259841 0 00321 USD Market rank is 15 nem bitcoin blockchain"
"NEM Price Ticker","Mon","7.90431822785e-05","0.0","-0.8","XEM Price is 0 00003358 0 00000017 BTC 0 256631 0 00174 USD Market rank is 15 nem bitcoin blockchain"
"NEM Price Ticker","Wed","7.90431822785e-05","0.0","-0.8","XEM Price is 0 00003341 0 00000029 BTC 0 25489 0 00215 USD Market rank is 15 nem bitcoin blockchain"
"NEM Price Ticker","Fri","7.90431822785e-05","0.0","-0.8","XEM Price is 0 00003312 0 00000002 BTC 0 25274 0 00050 USD Market rank is 15 nem bitcoin blockchain"
"NEM Price Ticker","Mon","7.90431822785e-05","0.0","-0.8","XEM Price is 0 00003310 0 00000001 BTC 0 253237 0 00010 USD Market rank is 15 nem bitcoin blockchain"
"NEM Price Ticker","Mon","7.90431822785e-05","0.0","-0.8","XEM Price is 0 00003311 0 00000001 BTC 0 25334 0 00007 USD Market rank is 15 nem bitcoin blockchain"
"NEM Price Ticker","Thu","7.90431822785e-05","0.0","-0.8","XEM Price is 0 00003310 0 00000003 BTC 0 253412 0 00018 USD Market rank is 15 nem bitcoin blockchain"
"NEM Price Ticker","Wed","7.90431822785e-05","0.0","-0.8","XEM Price is 0 00003307 0 00000004 BTC 0 253229 0 00059 USD Market rank is 15 nem bitcoin blockchain"
"Dash Price Ticker","Sun","7.60790629431e-05","0.0","-0.8","DASH Price is 0 0406195 0 00017580 BTC 310 272 1 46500 USD Market rank is 13 dash bitcoin blockchain"
"Dash Price Ticker","Tue","7.60790629431e-05","0.0","-0.8","DASH Price is 0 0407953 0 00003590 BTC 311 737 0 20600 USD Market rank is 13 dash bitcoin blockchain"
"Dash Price Ticker","Sun","7.60790629431e-05","0.0","-0.8","DASH Price is 0 0408312 0 00011920 BTC 311 531 0 72800 USD Market rank is 13 dash bitcoin blockchain"
"Dash Price Ticker","Wed","7.60790629431e-05","0.0","-0.8","DASH Price is 0 040712 0 00021120 BTC 310 803 1 29100 USD Market rank is 13 dash bitcoin blockchain"
"Dash Price Ticker","Fri","7.60790629431e-05","0.0","-0.8","DASH Price is 0 0405008 0 00016730 BTC 309 512 1 63600 USD Market rank is 13 dash bitcoin blockchain"
"Dash Price Ticker","Fri","7.60790629431e-05","0.0","-0.8","DASH Price is 0 0406681 0 00010910 BTC 311 148 1 16900 USD Market rank is 13 dash bitcoin blockchain"
"Dash Price Ticker","Wed","7.60790629431e-05","0.0","-0.8","DASH Price is 0 0407772 0 00003240 BTC 312 317 0 16200 USD Market rank is 13 dash bitcoin blockchain"
"Dash Price Ticker","Thu","7.60790629431e-05","0.0","-0.8","DASH Price is 0 0408096 0 00002940 BTC 312 479 0 28300 USD Market rank is 13 dash bitcoin blockchain"
"Zachary Maley","Sun","0.00656651236779","0.0","-0.6","Are Bankers Really Afraid of Bitcoin Wind of Change banks Cryptocurrency"
"Phil Michaels Crypto News","Sun","0.000576027190855","0.0","-0.6","Crazy Video Of A Plane Knocking A Helicopter Out Of The Air crypto cryptocurrency"
"CryptoPiper","Tue","0.000135361449652","0.0","-0.5777777777777778","Where are all your crypto youtube influencers when the market is boring or down They post 20 videos a day in bull"
"RED TSUNAMI RISING 2018","Fri","0.00016895480212","0.000119588615164","-0.5","And you and the progressive lunatics the Democratic party in California continue to fail your citizen"
"Arslan","Wed","0.00761976277165","0.00370724707008","-0.5","RT Unfortunately centralized platforms like the App and Google Play store monopolize the lionshare of the market s audie"
"Budhi Kesuma","Tue","0.0036458667826","0.00370724707008","-0.5","RT Unfortunately centralized platforms like the App and Google Play store monopolize the lionshare of the market s audie"
"Kristian","Sat","0.000839833811709","0.0","-0.5","Maybe totally wrong but think if BTC BITCOIN was heading lower it would have done so by now Lower lows been set each time"
"Track One","Sat","3.55694320253e-05","0.000717531690983","-0.5","RT 2 brothers 1 bitcoin account What could go wrong movie film CryptocurrencyNews hollywood news Comedy ComedyGo"
"Cryptoholic","Mon","5.43421878165e-05","0.000358765845492","-0.45","RT You can have one of these too Pay with CRYPTO at our website or with old boring at eBay and Amazon Display coin"
"1K3","Sat","2.96411933544e-05","0.0","-0.43333333333333335","Here is a very serious argument to why the PoW consensus model that bitco"
"Value Hodler","Sun","5.23661082595e-05","0.0","-0.43333333333333324","And they say bitcoin is bad for the environment or it s involved in the black market cryptos"
"Eos","Tue","0.000109672415411","0.000119588615164","-0.8","RT EOS Price is 0 00187223 0 00001836 BTC 14 291 0 12460 USD Market rank is 5 eos bitcoin blockchain"
"Eos","Mon","0.000109672415411","0.000119588615164","-0.8","RT EOS Price is 0 00184505 0 00000504 BTC 14 0682 0 02820 USD Market rank is 5 eos bitcoin blockchain"
"Eos","Sun","0.000109672415411","0.000119588615164","-0.15","RT By May 2017 1189 bitcoin ATMs were installed around the world with an average fee of 8 82"
"Eos","Thu","0.000109672415411","0.00789284860081","0.0","RT Cryptocurrencies Not a Risk to Stability Russian Study Concludes Bitcoin"
"Eos","Wed","0.000109672415411","0.00119588615164","0.0","RT Experts Predict Bitcoin will Double in Value by the End of the Year bitcoin prediction bitcoinpric"
"Eos","Sat","0.000109672415411","0.000119588615164","-0.8","RT EOS Price is 0 00184001 0 00000878 BTC 14 04 0 10350 USD Market rank is 5 eos bitcoin blockchain"
"Rabia Awan","Fri","2.6677074019e-05","0.000478354460655","-0.4","RT GAME X 200 000 000 GMX AIRDROP CONDITION FOLLOW RETWEET LIKE COMMENT YOUR ERC 20 eth btcm crypto payment topbtc"
"Rabia Awan","Thu","2.6677074019e-05","0.00621860798852","-0.4","RT GAME X 200 000 000 GMX AIRDROP CONDITION FOLLOW RETWEET LIKE COMMENT YOUR ERC 20 eth btcm crypto payment topbtc"
"Vaisakh Ks","Tue","0.000160062444114","0.00621860798852","-0.4","RT GAME X 200 000 000 GMX AIRDROP CONDITION FOLLOW RETWEET LIKE COMMENT YOUR ERC 20 eth btcm crypto payment topbtc"
"Vaisakh Ks","Tue","0.000160062444114","0.000478354460655","-0.4","RT GAME X 200 000 000 GMX AIRDROP CONDITION FOLLOW RETWEET LIKE COMMENT YOUR ERC 20 eth btcm crypto payment topbtc"
"am an","Mon","1.58086364557e-05","0.00478354460655","-0.4","RT GAME X 200 000 000 GMX AIRDROP CONDITION FOLLOW RETWEET LIKE COMMENT YOUR ERC 20 eth btcm crypto payment topbtc"
"jutofuko","Tue","0.000233177387722","0.00502272183688","-0.4","RT GAME X 200 000 000 GMX AIRDROP CONDITION FOLLOW RETWEET LIKE COMMENT YOUR ERC 20 eth btcm crypto payment topbtc"
"vuong841982","Thu","9.88039778481e-07","0.00466395599139","-0.4","RT GAME X 200 000 000 GMX AIRDROP CONDITION FOLLOW RETWEET LIKE COMMENT YOUR ERC 20 eth btcm crypto payment topbtc"
"AirdropRadio ðŸ’¸","Thu","0.0114553331917","0.00502272183688","-0.4","RT GAME X 200 000 000 GMX AIRDROP CONDITION FOLLOW RETWEET LIKE COMMENT YOUR ERC 20 eth btcm crypto payment topbtc"
"Tuan Vu #[B]ounty[H]unter","Fri","0.00151762909975","0.00478354460655","-0.4","RT GAME X 200 000 000 GMX AIRDROP CONDITION FOLLOW RETWEET LIKE COMMENT YOUR ERC 20 eth btcm crypto payment topbtc"
"Game Loot Network","Wed","0.0109702056605","0.0","-0.4","Game Loot Network will champion developers and gamers by creating a virtual platform that rewards players with rea"
"harvinder","Sun","7.60790629431e-05","0.00502272183688","-0.4","RT GAME X 200 000 000 GMX AIRDROP CONDITION FOLLOW RETWEET LIKE COMMENT YOUR ERC 20 eth btcm crypto payment topbtc"
"Emeziem Miracle","Tue","0.000103744176741","0.00478354460655","-0.4","RT GAME X 200 000 000 GMX AIRDROP CONDITION FOLLOW RETWEET LIKE COMMENT YOUR ERC 20 eth btcm crypto payment topbtc"
"kÃ¨o free token","Mon","0.000124493012089","0.00478354460655","-0.4","RT GAME X 200 000 000 GMX AIRDROP CONDITION FOLLOW RETWEET LIKE COMMENT YOUR ERC 20 eth btcm crypto payment topbtc"
"ali taoutaou","Sun","0.000642225856013","0.000478354460655","-0.4","RT GAME X 200 000 000 GMX AIRDROP CONDITION FOLLOW RETWEET LIKE COMMENT YOUR ERC 20 eth btcm crypto payment topbtc"
"Erina Gremory","Sun","0.000613572702437","0.00574025352786","-0.4","RT GAME X 200 000 000 GMX AIRDROP CONDITION FOLLOW RETWEET LIKE COMMENT YOUR ERC 20 eth btcm crypto payment topbtc"
